-- phpMyAdmin SQL Dump
-- version 4.8.3
-- https://www.phpmyadmin.net/
--
-- Host: localhost:3306
-- Generation Time: Feb 15, 2019 at 12:21 PM
-- Server version: 10.0.37-MariaDB-cll-lve
-- PHP Version: 7.2.7

SET SQL_MODE = "NO_AUTO_VALUE_ON_ZERO";
SET AUTOCOMMIT = 0;
START TRANSACTION;
SET time_zone = "+00:00";


/*!40101 SET @OLD_CHARACTER_SET_CLIENT=@@CHARACTER_SET_CLIENT */;
/*!40101 SET @OLD_CHARACTER_SET_RESULTS=@@CHARACTER_SET_RESULTS */;
/*!40101 SET @OLD_COLLATION_CONNECTION=@@COLLATION_CONNECTION */;
/*!40101 SET NAMES utf8mb4 */;

--
-- Database: `backbenc_eforum`
--

-- --------------------------------------------------------

--
-- Table structure for table `channels`
--

CREATE TABLE `channels` (
  `id` int(10) UNSIGNED NOT NULL,
  `title` varchar(191) COLLATE utf8mb4_unicode_ci NOT NULL,
  `slug` varchar(191) COLLATE utf8mb4_unicode_ci NOT NULL,
  `created_at` timestamp NULL DEFAULT NULL,
  `updated_at` timestamp NULL DEFAULT NULL
) ENGINE=InnoDB DEFAULT CHARSET=utf8mb4 COLLATE=utf8mb4_unicode_ci;

--
-- Dumping data for table `channels`
--

INSERT INTO `channels` (`id`, `title`, `slug`, `created_at`, `updated_at`) VALUES
(1, 'Laravel', 'laravel', '2018-05-26 01:48:16', '2018-05-26 01:48:16'),
(2, 'Vuejs', 'vuejs', '2018-05-26 01:48:16', '2018-05-26 01:48:16'),
(3, 'CSS', 'css', '2018-05-26 01:48:16', '2018-05-26 01:48:16'),
(4, 'HTML', 'html', '2018-05-26 01:48:16', '2018-05-26 01:48:16'),
(5, 'JavaScript', 'javascript', '2018-05-26 01:48:16', '2018-05-26 01:48:16'),
(6, 'PHP', 'php', '2018-05-26 01:48:16', '2018-05-26 01:48:16'),
(7, 'Codeigniter', 'codeigniter', '2018-05-26 01:48:16', '2018-05-26 01:48:16'),
(8, 'zend', 'zend', '2018-05-26 01:48:16', '2018-05-26 01:48:16'),
(9, 'Symphony', 'symphony', '2018-05-26 01:48:16', '2018-05-26 01:48:16');

-- --------------------------------------------------------

--
-- Table structure for table `discussions`
--

CREATE TABLE `discussions` (
  `id` int(10) UNSIGNED NOT NULL,
  `user_id` int(10) UNSIGNED NOT NULL,
  `channel_id` int(10) UNSIGNED NOT NULL,
  `title` varchar(191) COLLATE utf8mb4_unicode_ci NOT NULL,
  `slug` varchar(191) COLLATE utf8mb4_unicode_ci NOT NULL,
  `content` text COLLATE utf8mb4_unicode_ci NOT NULL,
  `created_at` timestamp NULL DEFAULT NULL,
  `updated_at` timestamp NULL DEFAULT NULL
) ENGINE=InnoDB DEFAULT CHARSET=utf8mb4 COLLATE=utf8mb4_unicode_ci;

--
-- Dumping data for table `discussions`
--

INSERT INTO `discussions` (`id`, `user_id`, `channel_id`, `title`, `slug`, `content`, `created_at`, `updated_at`) VALUES
(1, 2, 1, 'Implementing OAUTH2 with laravel passport', 'implementing-oauth2-with-laravel-passport', 'Cum sociis natoque penatibus et magnis dis parturient montes, nascetur ridiculus mus. Donec quam felis, ultricies nec, pellentesque eu, pretium quis, sem. Nulla consequat massa quis enim. Donec pede justo, fringilla vel, aliquet nec, vulputate eget, arcu. In enim justo, rhoncus ut, imperdiet a, venenatis vitae, justo. Nullam dictum felis eu pede mollis pretium. Integer tincidunt. Cras dapibus. Vivamus elementum semper nisi. Aenean vulputate eleifend tellus. Aenean leo ligula, porttitor eu, consequat vitae, eleifend ac, enim. Aliquam lorem ante, dapibus in, viverra quis, feugiat a, tellus. Phasellus viverra nulla ut metus varius laoreet. Quisque rutrum. Aenean imperdiet. Etiam ultricies nisi vel augue. Curabitur ullamcorper ultricies nisi. Nam eget dui. Etiam rhoncus. Maecenas tempus, tellus eget condimentum rhoncus, sem quam semper libero, sit amet adipiscing sem neque sed ipsum. Nam quam nunc, blandit vel, luctus pulvinar, hendrerit id, lorem. Maecenas nec odio et ante tincidunt tempus. Donec vitae sapien ut libero venenatis faucibus. Nullam quis ante. Etiam sit amet orci eget eros faucibus tincidunt. Duis leo. Sed fringilla mauris sit amet nibh. Donec sodales sagittis magna. Sed consequat, leo eget bibendum sodales, augue velit cursus nunc', '2018-05-26 01:48:16', '2018-05-27 12:01:18'),
(2, 1, 2, 'Pagination in vuejs not working correctly', 'pagination-in-vuejs-not-working-correctly', 'Lorem ipsum dolor sit amet, consectetuer adipiscing elit. Aenean commodo ligula eget dolor. Aenean massa. Cum sociis natoque penatibus et magnis dis parturient montes, nascetur ridiculus mus. Donec quam felis, ultricies nec, pellentesque eu, pretium quis, sem. Nulla consequat massa quis enim. Donec pede justo, fringilla vel, aliquet nec, vulputate eget, arcu. In enim justo, rhoncus ut, imperdiet a, venenatis vitae, justo. Nullam dictum felis eu pede mollis pretium. Integer tincidunt. Cras dapibus. Vivamus elementum semper nisi. Aenean vulputate eleifend tellus. Aenean leo ligula, porttitor eu, consequat vitae, eleifend ac, enim. Aliquam lorem ante, dapibus in, viverra quis, feugiat a, tellus. Phasellus viverra nulla ut metus varius laoreet. Quisque rutrum. Aenean imperdiet. Etiam ultricies nisi vel augue. Curabitur ullamcorper ultricies nisi. Nam eget dui. Etiam rhoncus. Maecenas tempus, tellus eget condimentum rhoncus, sem quam semper libero, sit amet adipiscing sem neque sed ipsum. Nam quam nunc, blandit vel, luctus pulvinar, hendrerit id, lorem. Maecenas nec odio et ante tincidunt tempus. Donec vitae sapien ut libero venenatis faucibus. Nullam quis ante. Etiam sit amet orci eget eros faucibus tincidunt. Duis leo. Sed fringilla mauris sit amet nibh. Donec sodales sagittis magna. Sed consequat, leo eget bibendum sodales, augue velit cursus nunc', '2018-05-26 01:48:16', '2018-05-26 01:48:16'),
(3, 2, 5, 'Vuejs event listeners for child components', 'vuejs-event-listeners-for-child-components', 'Lorem ipsum dolor sit amet, consectetuer adipiscing elit. Aenean commodo ligula eget dolor. Aenean massa. Cum sociis natoque penatibus et magnis dis parturient montes, nascetur ridiculus mus. Donec quam felis, ultricies nec, pellentesque eu, pretium quis, sem. Nulla consequat massa quis enim. Donec pede justo, fringilla vel, aliquet nec, vulputate eget, arcu. In enim justo, rhoncus ut, imperdiet a, venenatis vitae, justo. Nullam dictum felis eu pede mollis pretium. Integer tincidunt. Cras dapibus. Vivamus elementum semper nisi. Aenean vulputate eleifend tellus. Aenean leo ligula, porttitor eu, consequat vitae, eleifend ac, enim. Aliquam lorem ante, dapibus in, viverra quis, feugiat a, tellus. Phasellus viverra nulla ut metus varius laoreet. Quisque rutrum. Aenean imperdiet. Etiam ultricies nisi vel augue. Curabitur ullamcorper ultricies nisi. Nam eget dui. Etiam rhoncus. Maecenas tempus, tellus eget condimentum rhoncus, sem quam semper libero, sit amet adipiscing sem neque sed ipsum. Nam quam nunc, blandit vel, luctus pulvinar, hendrerit id, lorem. Maecenas nec odio et ante tincidunt tempus. Donec vitae sapien ut libero venenatis faucibus. Nullam quis ante. Etiam sit amet orci eget eros faucibus tincidunt. Duis leo. Sed fringilla mauris sit amet nibh. Donec sodales sagittis magna. Sed consequat, leo eget bibendum sodales, augue velit cursus nunc', '2018-05-26 01:48:16', '2018-05-26 01:48:16'),
(4, 1, 7, 'Adamwathan eloquent-oauth not working properly', 'adamwathan-eloquent-oauth-not-working-properly', 'Lorem ipsum dolor sit amet, consectetuer adipiscing elit. Aenean commodo ligula eget dolor. Aenean massa. Cum sociis natoque penatibus et magnis dis parturient montes, nascetur ridiculus mus. Donec quam felis, ultricies nec, pellentesque eu, pretium quis, sem. Nulla consequat massa quis enim. Donec pede justo, fringilla vel, aliquet nec, vulputate eget, arcu. In enim justo, rhoncus ut, imperdiet a, venenatis vitae, justo. Nullam dictum felis eu pede mollis pretium. Integer tincidunt. Cras dapibus. Vivamus elementum semper nisi. Aenean vulputate eleifend tellus. Aenean leo ligula, porttitor eu, consequat vitae, eleifend ac, enim. Aliquam lorem ante, dapibus in, viverra quis, feugiat a, tellus. Phasellus viverra nulla ut metus varius laoreet. Quisque rutrum. Aenean imperdiet. Etiam ultricies nisi vel augue. Curabitur ullamcorper ultricies nisi. Nam eget dui. Etiam rhoncus. Maecenas tempus, tellus eget condimentum rhoncus, sem quam semper libero, sit amet adipiscing sem neque sed ipsum. Nam quam nunc, blandit vel, luctus pulvinar, hendrerit id, lorem. Maecenas nec odio et ante tincidunt tempus. Donec vitae sapien ut libero venenatis faucibus. Nullam quis ante. Etiam sit amet orci eget eros faucibus tincidunt. Duis leo. Sed fringilla mauris sit amet nibh. Donec sodales sagittis magna. Sed consequat, leo eget bibendum sodales, augue velit cursus nunc', '2018-05-26 01:48:16', '2018-05-26 01:48:16'),
(5, 2, 6, 'Laravel homestead error - undetected database', 'laravel-homestead-error-undetected-database', 'Lorem ipsum dolor sit amet, consectetuer adipiscing elit. Aenean commodo ligula eget dolor. Aenean massa. Cum sociis natoque penatibus et magnis dis parturient montes, nascetur ridiculus mus. Donec quam felis, ultricies nec, pellentesque eu, pretium quis, sem. Nulla consequat massa quis enim. Donec pede justo, fringilla vel, aliquet nec, vulputate eget, arcu. In enim justo, rhoncus ut, imperdiet a, venenatis vitae, justo. Nullam dictum felis eu pede mollis pretium. Integer tincidunt. Cras dapibus. Vivamus elementum semper nisi. Aenean vulputate eleifend tellus. Aenean leo ligula, porttitor eu, consequat vitae, eleifend ac, enim. Aliquam lorem ante, dapibus in, viverra quis, feugiat a, tellus. Phasellus viverra nulla ut metus varius laoreet. Quisque rutrum. Aenean imperdiet. Etiam ultricies nisi vel augue. Curabitur ullamcorper ultricies nisi. Nam eget dui. Etiam rhoncus. Maecenas tempus, tellus eget condimentum rhoncus, sem quam semper libero, sit amet adipiscing sem neque sed ipsum. Nam quam nunc, blandit vel, luctus pulvinar, hendrerit id, lorem. Maecenas nec odio et ante tincidunt tempus. Donec vitae sapien ut libero venenatis faucibus. Nullam quis ante. Etiam sit amet orci eget eros faucibus tincidunt. Duis leo. Sed fringilla mauris sit amet nibh. Donec sodales sagittis magna. Sed consequat, leo eget bibendum sodales, augue velit cursus nunc', '2018-05-26 01:48:16', '2018-05-26 01:48:16'),
(6, 2, 4, 'Course Introduction to HTML', 'course-introduction-to-html', 'An h1 header\r\n============\r\n\r\nParagraphs are separated by a blank line.\r\n\r\n2nd paragraph. *Italic*, **bold**, and `monospace`. Itemized lists\r\nlook like:\r\n\r\n  * this one\r\n  * that one\r\n  * the other one\r\n\r\nNote that --- not considering the asterisk --- the actual text\r\ncontent starts at 4-columns in.\r\n\r\n> Block quotes are\r\n> written like so.\r\n>\r\n> They can span multiple paragraphs,\r\n> if you like.\r\n\r\nUse 3 dashes for an em-dash. Use 2 dashes for ranges (ex., \"it\'s all\r\nin chapters 12--14\"). Three dots ... will be converted to an ellipsis.\r\nUnicode is supported. \r\n```php\r\n<?php\r\n\r\nuse Illuminate\\Database\\Seeder;\r\nuse App\\Channel;\r\n\r\nclass ChannelsTableSeeder extends Seeder\r\n{\r\n    /**\r\n     * Run the database seeds.\r\n     *\r\n     * @return void\r\n     */\r\n    public function run()\r\n    {\r\n        $channel1 = [\'title\' => \'Laravel\', \'slug\' => str_slug(\'Laravel\')];\r\n        $channel2 = [\'title\' => \'Vuejs\', \'slug\' => str_slug(\'Vuejs\')];\r\n        $channel3 = [\'title\' => \'CSS\', \'slug\' => str_slug(\'CSS\')];\r\n        $channel4 = [\'title\' => \'HTML\', \'slug\' => str_slug(\'HTML\')];\r\n        $channel5 = [\'title\' => \'JavaScript\', \'slug\' => str_slug(\'JavaScript\')];\r\n        $channel6 = [\'title\' => \'PHP\', \'slug\' => str_slug(\'PHP\')];\r\n        $channel7 = [\'title\' => \'Codeigniter\', \'slug\' => str_slug(\'Codeigniter\')];\r\n        $channel8 = [\'title\' => \'zend\', \'slug\' => str_slug(\'zend\')];\r\n        $channel9 = [\'title\' => \'Symphony\', \'slug\' => str_slug(\'Symphony\')];\r\n\r\n        Channel::create($channel1);\r\n        Channel::create($channel2);\r\n        Channel::create($channel3);\r\n        Channel::create($channel4);\r\n        Channel::create($channel5);\r\n        Channel::create($channel6);\r\n        Channel::create($channel7);\r\n        Channel::create($channel8);\r\n        Channel::create($channel9);\r\n    }\r\n}\r\n\r\n```', '2018-05-27 13:39:07', '2018-05-27 14:04:27'),
(7, 4, 3, 'Course Introduction to CSS', 'course-introduction-to-css', 'Contrary to popular belief, Lorem Ipsum is not simply random text. It has roots in a piece of classical Latin literature from 45 BC, making it over 2000 years old. Richard McClintock, a Latin professor at Hampden-Sydney College in Virginia, looked up one of the more obscure Latin words, consectetur, from a Lorem Ipsum passage, and going through the cites of the word in classical literature, discovered the undoubtable source. Lorem Ipsum comes from sections 1.10.32 and 1.10.33 of \"de Finibus Bonorum et Malorum\" (The Extremes of Good and Evil) by Cicero, written in 45 BC. This book is a treatise on the theory of ethics, very popular during the Renaissance. The first line of Lorem Ipsum, \"Lorem ipsum dolor sit amet..\", comes from a line in section 1.10.32.', '2018-05-27 14:25:45', '2018-05-27 14:25:45');

-- --------------------------------------------------------

--
-- Table structure for table `likes`
--

CREATE TABLE `likes` (
  `id` int(10) UNSIGNED NOT NULL,
  `reply_id` int(10) UNSIGNED NOT NULL,
  `user_id` int(10) UNSIGNED NOT NULL,
  `created_at` timestamp NULL DEFAULT NULL,
  `updated_at` timestamp NULL DEFAULT NULL
) ENGINE=InnoDB DEFAULT CHARSET=utf8mb4 COLLATE=utf8mb4_unicode_ci;

--
-- Dumping data for table `likes`
--

INSERT INTO `likes` (`id`, `reply_id`, `user_id`, `created_at`, `updated_at`) VALUES
(1, 10, 5, '2018-06-08 14:52:48', '2018-06-08 14:52:48'),
(2, 1, 5, '2018-06-08 14:56:09', '2018-06-08 14:56:09');

-- --------------------------------------------------------

--
-- Table structure for table `migrations`
--

CREATE TABLE `migrations` (
  `id` int(10) UNSIGNED NOT NULL,
  `migration` varchar(191) COLLATE utf8mb4_unicode_ci NOT NULL,
  `batch` int(11) NOT NULL
) ENGINE=InnoDB DEFAULT CHARSET=utf8mb4 COLLATE=utf8mb4_unicode_ci;

--
-- Dumping data for table `migrations`
--

INSERT INTO `migrations` (`id`, `migration`, `batch`) VALUES
(57, '2014_10_12_000000_create_users_table', 1),
(58, '2014_10_12_100000_create_password_resets_table', 1),
(59, '2018_05_22_061139_create_channels_table', 1),
(60, '2018_05_22_061249_create_discussions_table', 1),
(61, '2018_05_22_061323_create_replies_table', 1),
(62, '2018_05_24_054232_create_likes_table', 1),
(63, '2018_05_25_180001_create_watchers_table', 1),
(64, '2018_05_27_201731_create_oauth_identities_table', 2);

-- --------------------------------------------------------

--
-- Table structure for table `oauth_identities`
--

CREATE TABLE `oauth_identities` (
  `id` int(10) UNSIGNED NOT NULL,
  `user_id` int(10) UNSIGNED NOT NULL,
  `provider_user_id` varchar(191) COLLATE utf8mb4_unicode_ci NOT NULL,
  `provider` varchar(191) COLLATE utf8mb4_unicode_ci NOT NULL,
  `access_token` varchar(191) COLLATE utf8mb4_unicode_ci NOT NULL,
  `created_at` timestamp NULL DEFAULT NULL,
  `updated_at` timestamp NULL DEFAULT NULL
) ENGINE=InnoDB DEFAULT CHARSET=utf8mb4 COLLATE=utf8mb4_unicode_ci;

--
-- Dumping data for table `oauth_identities`
--

INSERT INTO `oauth_identities` (`id`, `user_id`, `provider_user_id`, `provider`, `access_token`, `created_at`, `updated_at`) VALUES
(1, 4, '39463068', 'github', '2e0b31a7e568d9fa47aba2dbc55d269667bbd4dc', '2018-05-27 14:24:18', '2018-05-27 14:26:22');

-- --------------------------------------------------------

--
-- Table structure for table `password_resets`
--

CREATE TABLE `password_resets` (
  `email` varchar(191) COLLATE utf8mb4_unicode_ci NOT NULL,
  `token` varchar(191) COLLATE utf8mb4_unicode_ci NOT NULL,
  `created_at` timestamp NULL DEFAULT NULL
) ENGINE=InnoDB DEFAULT CHARSET=utf8mb4 COLLATE=utf8mb4_unicode_ci;

-- --------------------------------------------------------

--
-- Table structure for table `replies`
--

CREATE TABLE `replies` (
  `id` int(10) UNSIGNED NOT NULL,
  `user_id` int(10) UNSIGNED NOT NULL,
  `discussion_id` int(10) UNSIGNED NOT NULL,
  `best_answer` tinyint(1) NOT NULL DEFAULT '0',
  `content` text COLLATE utf8mb4_unicode_ci NOT NULL,
  `created_at` timestamp NULL DEFAULT NULL,
  `updated_at` timestamp NULL DEFAULT NULL
) ENGINE=InnoDB DEFAULT CHARSET=utf8mb4 COLLATE=utf8mb4_unicode_ci;

--
-- Dumping data for table `replies`
--

INSERT INTO `replies` (`id`, `user_id`, `discussion_id`, `best_answer`, `content`, `created_at`, `updated_at`) VALUES
(1, 1, 1, 1, 'Nulla consequat massa quis enim. Donec pede justo, fringilla vel, aliquet nec, vulputate eget, arcu. In enim justo, rhoncus ut, imperdiet a, venenatis vitae, justo. Nullam dictum felis eu pede mollis pretium. Integer tincidunt. Cras dapibus. Vivamus elementum semper nisi. Aenean vulputate eleifend tellus. Aenean leo ligula, porttitor eu, consequat vitae, eleifend ac, enim.', '2018-05-26 01:48:16', '2018-05-27 12:40:27'),
(2, 1, 2, 1, 'Lorem ipsum dolor sit amet, consectetuer adipiscing elit. Aenean commodo ligula eget dolor. Aenean massa. Cum sociis natoque penatibus et magnis dis parturient montes, nascetur ridiculus mus. Donec quam felis, ultricies nec, pellentesque eu, pretium quis, sem. Nulla consequat massa quis enim. Donec pede justo, fringilla vel, aliquet nec, vulputate eget, arcu. In enim justo, rhoncus ut, imperdiet a, venenatis vitae, justo. Nullam dictum felis eu pede mollis pretium. Integer tincidunt. Cras dapibus. Vivamus elementum semper nisi. Aenean vulputate eleifend tellus. Aenean leo ligula, porttitor eu, consequat vitae, eleifend ac, enim. ', '2018-05-26 01:48:16', '2018-05-26 04:08:21'),
(3, 3, 4, 0, 'Lorem ipsum dolor sit amet, consectetuer adipiscing elit. Aenean commodo ligula eget dolor. Aenean massa. Cum sociis natoque penatibus et magnis dis parturient montes, nascetur ridiculus mus. Donec quam felis, ultricies nec, pellentesque eu, pretium quis, sem. Nulla consequat massa quis enim. Donec pede justo, fringilla vel, aliquet nec, vulputate eget, arcu. In enim justo, rhoncus ut, imperdiet a, venenatis vitae, justo. Nullam dictum felis eu pede mollis pretium. Integer tincidunt. Cras dapibus. Vivamus elementum semper nisi. Aenean vulputate eleifend tellus. Aenean leo ligula, porttitor eu, consequat vitae, eleifend ac, enim. ', '2018-05-26 01:48:16', '2018-05-26 02:00:57'),
(4, 2, 2, 0, 'Lorem ipsum dolor sit amet, consectetuer adipiscing elit. Aenean commodo ligula eget dolor. Aenean massa. Cum sociis natoque penatibus et magnis dis parturient montes, nascetur ridiculus mus. Donec quam felis, ultricies nec, pellentesque eu, pretium quis, sem. Nulla consequat massa quis enim. Donec pede justo, fringilla vel, aliquet nec, vulputate eget, arcu. In enim justo, rhoncus ut, imperdiet a, venenatis vitae, justo. Nullam dictum felis eu pede mollis pretium. Integer tincidunt. Cras dapibus. Vivamus elementum semper nisi. Aenean vulputate eleifend tellus. Aenean leo ligula, porttitor eu, consequat vitae, eleifend ac, enim. ', '2018-05-26 01:48:16', '2018-05-26 01:48:16'),
(5, 1, 4, 0, 'Lorem ipsum dolor sit amet, consectetuer adipiscing elit. Aenean commodo ligula eget dolor. Aenean massa. Cum sociis natoque penatibus et magnis dis parturient montes, nascetur ridiculus mus. Donec quam felis, ultricies nec, pellentesque eu, pretium quis, sem. Nulla consequat massa quis enim. Donec pede justo, fringilla vel, aliquet nec, vulputate eget, arcu. In enim justo, rhoncus ut, imperdiet a, venenatis vitae, justo. Nullam dictum felis eu pede mollis pretium. Integer tincidunt. Cras dapibus. Vivamus elementum semper nisi. Aenean vulputate eleifend tellus. Aenean leo ligula, porttitor eu, consequat vitae, eleifend ac, enim. ', '2018-05-26 01:48:17', '2018-05-26 01:48:17'),
(6, 3, 2, 0, 'Nullam dictum felis eu pede mollis pretium. Integer tincidunt. Cras dapibus. Vivamus elementum semper nisi. Aenean vulputate eleifend tellus. Aenean leo ligula, porttitor eu, consequat vitae, eleifend ac, enim.', '2018-05-26 01:57:39', '2018-05-26 01:57:39'),
(7, 2, 5, 0, 'Lorem ipsum dolor sit amet, consectetuer adipiscing elit. Aenean commodo ligula eget dolor. Aenean massa. Cum sociis natoque penatibus et magnis dis parturient montes, nascetur ridiculus mus. Donec quam felis, ultricies nec, pellentesque eu, pretium quis, sem. Nulla consequat massa quis enim. Donec pede justo, fringilla vel, aliquet nec, vulputate eget, arcu. In enim justo, rhoncus ut, imperdiet a, venenatis vitae, justo. Nullam dictum felis eu pede mollis pretium. Integer tincidunt. Cras dapibus. Vivamus elementum semper nisi. Aenean vulputate eleifend tellus. Aenean leo ligula, porttitor eu, consequat vitae, eleifend ac, enim. Aliquam lorem ante, dapibus in, viverra quis, feugiat a, tellus. Phasellus viverra nulla ut metus varius laoreet. Quisque rutrum. Aenean imperdiet. Etiam ultricies nisi vel augue. Curabitur ullamcorper ultricies nisi. Nam eget dui. Etiam rhoncus. Maecenas tempus, tellus eget condimentum rhoncus, sem quam semper libero, sit amet adipiscing sem neque sed ipsum. Nam quam nunc, blandit vel, luctus pulvinar, hendrerit id, lorem. Maecenas nec odio et ante tincidunt tempus. Donec vitae sapien ut libero venenatis faucibus. Nullam quis ante. Etiam sit amet orci eget eros faucibus tincidunt. Duis leo. Sed fringilla mauris sit amet nibh. Donec sodales sagittis magna. Sed consequat, leo eget bibendum sodales, augue velit cursus nunc', '2018-05-27 12:37:46', '2018-05-27 12:37:46'),
(8, 2, 1, 0, 'Aenean vulputate eleifend tellus. Aenean leo ligula, porttitor eu, consequat vitae, eleifend ac, enim. Aliquam lorem ante, dapibus in, viverra quis, feugiat a, tellus. Phasellus viverra nulla ut metus varius laoreet. Quisque rutrum. Aenean imperdiet. Etiam ultricies nisi vel augue. Curabitur ullamcorper ultricies nisi. Nam eget dui. Etiam rhoncus. Maecenas tempus, tellus eget condimentum rhoncus, sem quam semper libero, sit amet adipiscing sem neque sed ipsum. Nam quam nunc, blandit vel, luctus pulvinar, hendrerit id, lorem. Maecenas nec odio et ante tincidunt tempus. Donec vitae sapien ut libero venenatis faucibus. Nullam quis ante. Etiam sit amet orci eget eros faucibus tincidunt. Duis leo. Sed fringilla mauris sit amet nibh. Donec sodales sagittis magna. Sed consequat, leo eget bibendum sodales, augue velit cursus nunc', '2018-05-27 12:38:57', '2018-05-27 12:40:13'),
(9, 2, 6, 1, '```php\r\n<?php\r\n\r\nnamespace App\\Http\\Controllers;\r\n\r\nuse Illuminate\\Foundation\\Bus\\DispatchesJobs;\r\nuse Illuminate\\Routing\\Controller as BaseController;\r\nuse Illuminate\\Foundation\\Validation\\ValidatesRequests;\r\nuse Illuminate\\Foundation\\Auth\\Access\\AuthorizesRequests;\r\n\r\nclass Controller extends BaseController\r\n{\r\n    use AuthorizesRequests, DispatchesJobs, ValidatesRequests;\r\n}\r\n```', '2018-05-27 14:10:10', '2018-05-27 14:10:14'),
(10, 5, 7, 0, 'The first line of Lorem Ipsum, \"Lorem ipsum dolor sit amet..\", comes from a line in section', '2018-06-08 14:52:38', '2018-06-08 14:53:02'),
(11, 5, 7, 0, 'Contrary to popular belief, Lorem Ipsum is not simply random text. It has roots in a piece of classical Latin literature from 45 BC, making it over 2000 years old.', '2018-06-09 01:55:30', '2018-06-09 01:55:30'),
(12, 1, 2, 0, 'Nullam dictum felis eu pede mollis pretium. Integer tincidunt. Cras dapibus. Vivamus elementum semper nisi. Aenean vulputate eleifend tellus. Aenean leo ligula, porttitor eu, consequat vitae, eleifend ac, enim.', '2019-01-07 06:24:36', '2019-01-07 06:24:36');

-- --------------------------------------------------------

--
-- Table structure for table `users`
--

CREATE TABLE `users` (
  `id` int(10) UNSIGNED NOT NULL,
  `avatar` varchar(191) COLLATE utf8mb4_unicode_ci DEFAULT NULL,
  `admin` tinyint(1) NOT NULL DEFAULT '0',
  `points` bigint(20) NOT NULL DEFAULT '50',
  `name` varchar(191) COLLATE utf8mb4_unicode_ci NOT NULL,
  `email` varchar(191) COLLATE utf8mb4_unicode_ci NOT NULL,
  `password` varchar(191) COLLATE utf8mb4_unicode_ci DEFAULT NULL,
  `remember_token` varchar(100) COLLATE utf8mb4_unicode_ci DEFAULT NULL,
  `created_at` timestamp NULL DEFAULT NULL,
  `updated_at` timestamp NULL DEFAULT NULL
) ENGINE=InnoDB DEFAULT CHARSET=utf8mb4 COLLATE=utf8mb4_unicode_ci;

--
-- Dumping data for table `users`
--

INSERT INTO `users` (`id`, `avatar`, `admin`, `points`, `name`, `email`, `password`, `remember_token`, `created_at`, `updated_at`) VALUES
(1, 'avatars/avatar.png', 1, 170, 'admin', 'admin@example.com', '$2y$10$/.yyGUullsBVt9fdxY1oO.oOzhCIkeWIuTRnmXSjde31CZ0/d93Qm', '0kLwSSIBsuxY0ihP7IXs02uHwCXgYiIm7IHeVZRln9PcwR7UP9VlpSNfPEsr', '2018-05-26 01:48:16', '2019-01-07 06:24:36'),
(2, 'avatars/avatar1.png', 0, 160, 'Pavel Parvej', 'pavel@example.com', '$2y$10$wq3pwOOmhPy0Yy0AZB7qnOzeE7xl8mW1CfWRAHa0lHlJtrMSqVXDa', 'lsMzniuPXol51VC6VvUVxykR6uDbqkJ4RJZh1RriO3hy6j8xNFtYeMR0UspT', '2018-05-26 01:48:16', '2018-05-27 14:10:14'),
(3, 'avatars/avatar.png', 0, 120, 'Parvez Pavel', 'parvez@example.com', '$2y$10$9tXtlKGSm5xpaKj5cvRRreAM4x4/LDuCBgOFvcc8xGLUJRP9qJSW2', 'GJ5nZg77GZTMXnlaZEUJdcdiDGCzHrIzkIdoy5kJTMA7OI5QDHfDgn0zBTNf', '2018-05-26 01:48:16', '2018-05-26 02:00:58'),
(4, 'https://avatars2.githubusercontent.com/u/39463068?v=4', 0, 50, 'Pavel Parvej', 'pavel.cse26@gmail.com', NULL, 'Do45pHshcxiAJ14V20pOMiFfX9OFwokPerhJbPlnqC70J0OOZQKFYRxaciI9', '2018-05-27 14:24:18', '2018-05-27 14:24:18'),
(5, NULL, 0, 90, 'Rasel Munshi', 'rasel@example.com', '$2y$10$hgd8shLTDRAsTahlZ2tdQeesPeiPVOCCLftcCWg4gqqnq.wTprSXG', 'GJft2L8efEyKIrrQPupd1k68UpByr664hUbQP4P5PbGSYcFe3CCDmzzkE60U', '2018-06-08 14:52:16', '2018-06-09 01:55:30'),
(6, NULL, 0, 50, 'kylago.ru5l', 'shamrykenkokatya@gmail.com', '$2y$10$5N3uZDsXSmp.a0ypjPOuTeVFj5l3nMgPaRKgxLdh4U6NZT9yBjM0m', NULL, '2019-01-02 11:36:03', '2019-01-02 11:36:03');

-- --------------------------------------------------------

--
-- Table structure for table `watchers`
--

CREATE TABLE `watchers` (
  `id` int(10) UNSIGNED NOT NULL,
  `discussion_id` int(11) NOT NULL,
  `user_id` int(11) NOT NULL,
  `created_at` timestamp NULL DEFAULT NULL,
  `updated_at` timestamp NULL DEFAULT NULL
) ENGINE=InnoDB DEFAULT CHARSET=utf8mb4 COLLATE=utf8mb4_unicode_ci;

--
-- Dumping data for table `watchers`
--

INSERT INTO `watchers` (`id`, `discussion_id`, `user_id`, `created_at`, `updated_at`) VALUES
(2, 4, 5, '2018-06-09 01:54:25', '2018-06-09 01:54:25'),
(3, 7, 5, '2018-06-09 01:58:39', '2018-06-09 01:58:39');

--
-- Indexes for dumped tables
--

--
-- Indexes for table `channels`
--
ALTER TABLE `channels`
  ADD PRIMARY KEY (`id`);

--
-- Indexes for table `discussions`
--
ALTER TABLE `discussions`
  ADD PRIMARY KEY (`id`);

--
-- Indexes for table `likes`
--
ALTER TABLE `likes`
  ADD PRIMARY KEY (`id`);

--
-- Indexes for table `migrations`
--
ALTER TABLE `migrations`
  ADD PRIMARY KEY (`id`);

--
-- Indexes for table `oauth_identities`
--
ALTER TABLE `oauth_identities`
  ADD PRIMARY KEY (`id`);

--
-- Indexes for table `password_resets`
--
ALTER TABLE `password_resets`
  ADD KEY `password_resets_email_index` (`email`);

--
-- Indexes for table `replies`
--
ALTER TABLE `replies`
  ADD PRIMARY KEY (`id`);

--
-- Indexes for table `users`
--
ALTER TABLE `users`
  ADD PRIMARY KEY (`id`),
  ADD UNIQUE KEY `users_email_unique` (`email`);

--
-- Indexes for table `watchers`
--
ALTER TABLE `watchers`
  ADD PRIMARY KEY (`id`);

--
-- AUTO_INCREMENT for dumped tables
--

--
-- AUTO_INCREMENT for table `channels`
--
ALTER TABLE `channels`
  MODIFY `id` int(10) UNSIGNED NOT NULL AUTO_INCREMENT, AUTO_INCREMENT=10;

--
-- AUTO_INCREMENT for table `discussions`
--
ALTER TABLE `discussions`
  MODIFY `id` int(10) UNSIGNED NOT NULL AUTO_INCREMENT, AUTO_INCREMENT=8;

--
-- AUTO_INCREMENT for table `likes`
--
ALTER TABLE `likes`
  MODIFY `id` int(10) UNSIGNED NOT NULL AUTO_INCREMENT, AUTO_INCREMENT=3;

--
-- AUTO_INCREMENT for table `migrations`
--
ALTER TABLE `migrations`
  MODIFY `id` int(10) UNSIGNED NOT NULL AUTO_INCREMENT, AUTO_INCREMENT=65;

--
-- AUTO_INCREMENT for table `oauth_identities`
--
ALTER TABLE `oauth_identities`
  MODIFY `id` int(10) UNSIGNED NOT NULL AUTO_INCREMENT, AUTO_INCREMENT=2;

--
-- AUTO_INCREMENT for table `replies`
--
ALTER TABLE `replies`
  MODIFY `id` int(10) UNSIGNED NOT NULL AUTO_INCREMENT, AUTO_INCREMENT=13;

--
-- AUTO_INCREMENT for table `users`
--
ALTER TABLE `users`
  MODIFY `id` int(10) UNSIGNED NOT NULL AUTO_INCREMENT, AUTO_INCREMENT=7;

--
-- AUTO_INCREMENT for table `watchers`
--
ALTER TABLE `watchers`
  MODIFY `id` int(10) UNSIGNED NOT NULL AUTO_INCREMENT, AUTO_INCREMENT=4;
COMMIT;

/*!40101 SET CHARACTER_SET_CLIENT=@OLD_CHARACTER_SET_CLIENT */;
/*!40101 SET CHARACTER_SET_RESULTS=@OLD_CHARACTER_SET_RESULTS */;
/*!40101 SET COLLATION_CONNECTION=@OLD_COLLATION_CONNECTION */;
